loops,average,stdev
0,342.1428571,15.71017262
2,18,0
3,45,4.546060566
