vertices,improvement,stdev
4039,23.23,8.517636674
36692,19.00768535,13.14759902
75888,16.97083906,11.23023555
