command,improvement,stdev
reducetreetop,6.23863959,0.280196756
reducehighdegreetop,9.177468568,3.021670936
abc,16.18540516,10.74556477
lcc,19.66666667,4.453463072
reducetri,19.70634921,6.449290539
bc,21.57577973,6.1916504
etri,23.35416667,9.957224983
adiam,35.31031746,5.032503815
