vertices,improvement,stdev
6,0,0
51,0.153846154,0.554700196
1904,3.928148774,9.945330795
4039,13.51558355,12.62921771
36692,12.9533649,11.20588528
75888,14.52117312,12.60287639
